date,sales
2016-06-01,56.3
2016-06-02,57.25
2016-06-03,74.54
2016-06-04,32.06
2016-06-06,49.34
2016-06-07,40.22
2016-06-08,102.93
2016-06-09,69.66
2016-06-10,61.6
2016-06-11,34.62
2016-06-13,93.42
2016-06-14,72.18
2016-06-15,58.1
2016-06-16,99.54
2016-06-17,48.78
2016-06-18,18.36
2016-06-20,55.0
2016-06-21,68.83
2016-06-22,140.34
2016-06-23,75.81
2016-06-24,61.67
2016-06-25,30.95
2016-06-27,64.93
2016-06-28,40.95
2016-06-29,46.34
2016-06-30,68.02
2016-07-01,52.79
2016-07-02,15.98
2016-07-04,80.31
2016-07-05,77.59
2016-07-06,194.18
2016-07-07,94.97
2016-07-08,61.87
2016-07-09,23.09
2016-07-11,73.95
2016-07-12,50.06
2016-07-13,48.66
2016-07-14,43.5
2016-07-15,59.78
2016-07-16,34.85
2016-07-18,142.79
2016-07-19,91.96
2016-07-20,78.59
2016-07-21,69.76
2016-07-22,74.71
2016-07-23,35.98
2016-07-25,111.62
2016-07-26,98.57
2016-07-27,54.04
2016-07-28,62.62
2016-07-29,104.63
2016-07-30,45.81
2016-08-01,82.01
2016-08-02,67.52
2016-08-03,83.76
2016-08-04,61.44
2016-08-05,80.92
2016-08-06,27.49
2016-08-08,103.51
2016-08-09,91.44
2016-08-10,49.8
2016-08-11,64.68
2016-08-12,29.98
2016-08-13,22.08
2016-08-16,95.01
2016-08-17,75.16
2016-08-18,83.82
2016-08-19,56.54
2016-08-20,31.11
2016-08-22,68.61
2016-08-23,78.73
2016-08-24,76.01
2016-08-25,59.01
2016-08-26,46.18
2016-08-27,22.94
2016-08-29,67.33
2016-08-30,45.73
2016-08-31,94.82
2016-09-01,44.62
2016-09-02,62.57
2016-09-03,24.38
2016-09-05,47.34
2016-09-06,98.5
2016-09-07,55.31
2016-09-08,45.66
2016-09-09,51.29
2016-09-10,16.84
2016-09-12,59.28
2016-09-13,58.27
2016-09-14,73.66
2016-09-15,60.85
2016-09-16,46.62
2016-09-19,47.01
2016-09-20,43.82
2016-09-21,27.17
2016-09-22,38.81
2016-09-23,43.48
2016-09-24,23.74
2016-09-26,57.13
2016-09-27,52.19
2016-09-28,53.13
2016-09-29,33.13
2016-09-30,40.35
2016-10-01,13.34
2016-10-03,23.32
2016-10-04,65.27
2016-10-05,56.55
2016-10-06,62.44
2016-10-07,39.25
2016-10-08,18.06
2016-10-10,45.48
2016-10-11,75.28
2016-10-12,67.82
2016-10-13,90.93
2016-10-14,97.95
2016-10-15,23.1
2016-10-17,45.03
2016-10-18,26.93
2016-10-19,45.44
2016-10-20,64.18
2016-10-21,44.24
2016-10-22,13.79
2016-10-24,26.79
2016-10-25,64.35
2016-10-26,24.42
2016-10-27,35.32
2016-10-29,23.97
2016-10-30,5.44
2016-10-31,86.47
2016-11-01,90.13
2016-11-02,31.71
2016-11-03,52.4
2016-11-04,56.99
2016-11-05,16.16
2016-11-07,83.29
2016-11-08,72.28
2016-11-09,28.11
2016-11-10,182.23
2016-11-11,65.76
2016-11-12,34.88
2016-11-14,59.95
2016-11-15,55.54
2016-11-16,34.21
2016-11-17,34.58
2016-11-18,50.58
2016-11-19,31.08
2016-11-21,63.72
2016-11-22,58.12
2016-11-23,152.63
2016-11-24,59.7
2016-11-25,46.44
2016-11-26,40.51
2016-11-28,68.2
2016-11-29,63.5
2016-11-30,35.88
2016-12-01,77.52
2016-12-02,95.41
2016-12-03,38.95
2016-12-05,64.46
2016-12-06,62.49
2016-12-07,37.23
2016-12-08,47.87
2016-12-09,71.53
2016-12-10,37.18
2016-12-11,19.66
2016-12-12,40.83
2016-12-13,77.98
2016-12-14,57.2
2016-12-15,62.69
2016-12-16,63.9
2016-12-17,39.65
2016-12-18,20.33
2016-12-19,106.57
2016-12-20,98.51
2016-12-21,79.8
2016-12-22,128.57
2016-12-23,94.2
2016-12-24,83.57
2016-12-27,154.3
2016-12-28,95.04
2016-12-29,81.01
2016-12-30,99.58
2016-12-31,45.79
2017-01-03,101.87
2017-01-04,61.26
2017-01-05,46.41
2017-01-07,35.4
2017-01-09,70.78
2017-01-10,66.01
2017-01-11,39.48
2017-01-12,49.57
2017-01-13,57.14
2017-01-14,27.34
2017-01-16,51.34
2017-01-17,52.92
2017-01-18,66.66
2017-01-19,61.19
2017-01-20,72.03
2017-01-21,24.04
2017-01-23,43.54
2017-01-24,74.54
2017-01-25,48.62
2017-01-26,84.68
2017-01-27,44.16
2017-01-28,34.59
2017-01-30,64.01
2017-01-31,59.72
2017-02-01,23.83
2017-02-02,47.81
2017-02-03,63.12
2017-02-04,35.63
2017-02-06,66.17
2017-02-07,58.84
2017-02-08,50.9
2017-02-09,32.79
2017-02-10,72.44
2017-02-11,36.76
2017-02-13,70.37
2017-02-14,60.27
2017-02-15,44.2
2017-02-16,67.66
2017-02-17,35.4
2017-02-18,37.89
2017-02-20,57.95
2017-02-21,50.41
2017-02-22,63.27
2017-02-23,59.03
2017-02-24,52.04
2017-02-25,19.32
2017-02-28,62.58
2017-03-01,64.28
2017-03-02,83.92
2017-03-03,56.81
2017-03-04,35.05
2017-03-06,72.2
2017-03-07,94.16
2017-03-08,38.65
2017-03-09,64.91
2017-03-10,34.3
2017-03-11,43.22
2017-03-13,58.54
2017-03-14,64.51
2017-03-15,110.1
2017-03-16,49.9
2017-03-17,41.6
2017-03-18,36.2
2017-03-20,63.54
2017-03-21,36.69
2017-03-22,87.37
2017-03-23,88.14
2017-03-24,50.57
2017-03-27,91.15
2017-03-28,43.73
2017-03-29,36.46
2017-03-30,48.09
2017-03-31,122.99
2017-04-01,123.86
2017-04-03,101.06
2017-04-04,176.39
2017-04-05,115.59
2017-04-06,125.1
2017-04-07,101.1
2017-04-08,51.31
2017-04-09,12.01
2017-04-10,82.4
2017-04-11,109.66
2017-04-12,82.23
2017-04-13,130.81
2017-04-14,47.04
2017-04-15,37.95
2017-04-18,153.84
2017-04-19,61.44
2017-04-20,123.8
2017-04-21,90.76
2017-04-22,24.96
2017-04-24,59.67
2017-04-25,93.38
2017-04-26,95.75
2017-04-27,124.69
2017-04-28,97.15
2017-04-29,64.67
2017-05-02,139.06
2017-05-03,92.11
2017-05-04,56.73
2017-05-05,122.16
2017-05-06,46.15
2017-05-08,88.09
2017-05-09,82.76
2017-05-10,60.84
2017-05-11,89.29
2017-05-12,84.3
2017-05-13,45.13
2017-05-15,74.94
2017-05-16,98.65
2017-05-17,74.45
2017-05-18,105.35
2017-05-19,74.46
2017-05-20,67.68
2017-05-22,56.62
2017-05-23,103.38
2017-05-24,81.28
2017-05-25,129.75
2017-05-26,74.79
2017-05-27,52.65
2017-05-29,105.67
2017-05-30,82.61
2017-05-31,95.18
2017-06-01,122.57
2017-06-02,52.85
2017-06-03,43.41
2017-06-05,52.76
2017-06-06,69.39
2017-06-07,93.01
2017-06-08,103.63
2017-06-09,84.47
2017-06-10,41.09
2017-06-12,87.22
2017-06-13,53.83
2017-06-14,97.25
2017-06-15,84.72
2017-06-16,112.25
2017-06-17,73.65
2017-06-19,104.91
2017-06-20,97.94
2017-06-21,57.96
2017-06-22,87.53
2017-06-23,121.09
2017-06-24,46.52
2017-06-26,124.02
2017-06-27,91.17
2017-06-28,77.07
2017-06-29,91.39
2017-06-30,66.8
2017-07-01,76.67
2017-07-03,89.33
2017-07-04,98.44
2017-07-05,80.82
2017-07-06,91.42
2017-07-07,100.83
2017-07-08,34.09
2017-07-10,114.04
2017-07-11,87.85
2017-07-12,72.28
2017-07-13,95.8
2017-07-14,97.3
2017-07-15,47.74
2017-07-17,81.58
2017-07-18,104.08
2017-07-19,87.68
2017-07-20,93.83
2017-07-21,79.0
2017-07-22,48.75
2017-07-24,110.06
2017-07-25,126.85
2017-07-26,77.96
2017-07-27,99.65
2017-07-28,83.88
2017-07-29,55.0
2017-07-31,108.76
2017-08-01,146.29
2017-08-02,70.97
2017-08-03,148.83
2017-08-04,106.1
2017-08-05,48.49
2017-08-07,101.5
2017-08-08,110.58
2017-08-09,69.08
2017-08-10,107.77
2017-08-11,111.45
2017-08-12,50.77
2017-08-14,116.42
2017-08-16,97.54
2017-08-17,132.38
2017-08-18,70.1
2017-08-19,43.28
2017-08-21,52.54
2017-08-22,87.16
2017-08-23,73.67
2017-08-24,80.27
2017-08-25,70.49
2017-08-26,30.54
2017-08-28,91.83
2017-08-29,66.63
2017-08-30,75.75
2017-08-31,85.17
2017-09-01,96.68
2017-09-02,41.96
2017-09-04,84.21
2017-09-05,91.88
2017-09-06,49.84
2017-09-07,71.72
2017-09-08,147.03
2017-09-09,39.8
2017-09-11,90.79
2017-09-12,120.85
2017-09-13,69.68
2017-09-14,64.62
2017-09-15,76.37
2017-09-16,36.7
2017-09-18,115.94
2017-09-19,63.54
2017-09-20,54.07
2017-09-21,61.81
2017-09-22,80.18
2017-09-23,34.91
2017-09-25,95.31
2017-09-26,46.17
2017-09-27,47.0
2017-09-28,86.82
2017-09-29,80.0
2017-09-30,55.22
2017-10-02,87.64
2017-10-03,74.15
2017-10-04,100.7
2017-10-05,102.64
2017-10-06,56.66
2017-10-07,50.9
2017-10-09,92.83
2017-10-10,95.11
2017-10-11,73.7
2017-10-12,69.65
2017-10-13,74.87
2017-10-14,30.85
2017-10-16,74.28
2017-10-17,100.97
2017-10-18,81.51
2017-10-19,65.39
2017-10-20,80.45
2017-10-21,55.38
2017-10-23,77.41
2017-10-24,76.09
2017-10-25,57.03
2017-10-26,90.1
2017-10-27,63.54
2017-10-30,102.8
2017-10-31,119.3
2017-11-01,64.53
2017-11-02,89.73
2017-11-03,88.85
2017-11-04,39.3
2017-11-06,83.47
2017-11-07,67.64
2017-11-08,93.19
2017-11-09,51.69
2017-11-10,62.17
2017-11-11,52.83
2017-11-13,62.36
2017-11-14,85.24
2017-11-15,51.79
2017-11-16,46.33
2017-11-17,50.6
2017-11-18,36.32
2017-11-20,83.74
2017-11-21,50.42
2017-11-22,66.58
2017-11-23,134.89
2017-11-24,149.28
2017-11-25,61.11
2017-11-27,101.53
2017-11-28,57.9
2017-11-29,121.21
2017-11-30,72.02
2017-12-01,84.02
2017-12-02,50.28
2017-12-04,92.88
2017-12-05,58.79
2017-12-06,88.7
2017-12-07,68.89
2017-12-08,119.76
2017-12-09,51.35
2017-12-11,73.41
2017-12-12,85.18
2017-12-13,57.4
2017-12-14,83.52
2017-12-15,108.49
2017-12-16,81.21
2017-12-17,41.21
2017-12-18,101.17
2017-12-19,137.75
2017-12-20,155.53
2017-12-21,159.65
2017-12-22,177.75
2017-12-23,83.3
2017-12-24,88.85
2017-12-27,179.93
2017-12-28,106.62
2017-12-29,113.43
2017-12-30,98.08
2017-12-31,71.65
2018-01-03,120.96
2018-01-04,121.94
2018-01-05,104.21
2018-01-08,118.44
2018-01-09,75.32
2018-01-10,105.41
2018-01-11,93.77
2018-01-12,122.81
2018-01-13,57.39
2018-01-14,12.04
2018-01-15,86.16
2018-01-16,62.98
2018-01-17,79.49
2018-01-18,61.32
2018-01-19,55.75
2018-01-20,29.68
2018-01-22,74.6
2018-01-23,56.59
2018-01-24,32.8
2018-01-25,49.61
2018-01-26,74.62
2018-01-27,56.33
2018-01-29,65.81
2018-01-30,56.58
2018-01-31,33.1
2018-02-01,58.68
2018-02-02,42.4
2018-02-03,35.53
2018-02-05,57.67
2018-02-06,70.46
2018-02-07,50.88
2018-02-08,54.08
2018-02-09,64.85
2018-02-10,43.73
2018-02-12,47.83
2018-02-13,78.19
2018-02-14,57.0
2018-02-15,61.03
2018-02-16,87.29
2018-02-17,33.03
2018-02-20,67.98
2018-02-21,53.04
2018-02-22,61.99
2018-02-23,73.79
2018-02-24,32.8
2018-02-26,112.5
2018-02-27,52.78
2018-02-28,51.35
2018-03-01,59.39
2018-03-02,76.67
2018-03-03,40.72
2018-03-05,36.61
2018-03-06,38.16
2018-03-07,52.28
2018-03-08,46.82
2018-03-09,45.97
2018-03-10,36.1
2018-03-12,273.14
2018-03-13,48.82
2018-03-14,64.44
2018-03-15,50.64
2018-03-16,93.34
2018-03-17,41.8
2018-03-19,66.37
2018-03-20,75.45
2018-03-21,62.07
2018-03-22,66.96
2018-03-23,97.65
2018-03-24,35.82
2018-03-26,82.21
2018-03-27,77.53
2018-03-28,82.54
2018-03-29,106.62
2018-03-30,69.78
2018-03-31,54.81
2018-04-01,14.64
2018-04-02,80.37
2018-04-03,110.36
2018-04-04,70.53
2018-04-05,84.11
2018-04-06,33.44
2018-04-07,19.28
2018-04-10,93.76
2018-04-11,66.64
2018-04-12,84.84
2018-04-13,101.14
2018-04-14,56.47
2018-04-16,55.98
2018-04-17,77.68
2018-04-18,68.32
2018-04-19,35.92
2018-04-20,69.53
2018-04-21,51.74
2018-04-23,61.0
2018-04-24,102.66
2018-04-25,109.11
2018-04-26,66.34
2018-04-27,64.91
2018-04-28,36.84
2018-04-30,103.66
2018-05-02,46.51
2018-05-03,90.6
2018-05-04,104.65
2018-05-05,77.19
2018-05-07,74.31
2018-05-08,84.06
2018-05-09,137.15
2018-05-10,79.1
2018-05-11,72.93
2018-05-12,55.46
2018-05-14,80.49
2018-05-15,58.85
2018-05-16,72.23
2018-05-17,87.14
2018-05-18,80.88
2018-05-19,57.44
2018-05-21,84.93
2018-05-22,56.53
2018-05-23,36.22
2018-05-24,68.27
2018-05-25,110.93
2018-05-26,52.93
2018-05-28,61.67
2018-05-29,78.66
2018-05-30,42.86
2018-05-31,80.26
2018-06-01,73.08
2018-06-02,40.18
2018-06-04,110.43
2018-06-05,104.12
2018-06-06,82.29
2018-06-07,82.07
2018-06-08,73.21
2018-06-09,28.07
2018-06-11,100.4
2018-06-12,74.59
2018-06-13,66.91
2018-06-14,64.91
2018-06-15,79.48
2018-06-16,30.15
2018-06-18,95.1
2018-06-19,54.28
2018-06-20,117.41
2018-06-21,95.13
2018-06-22,93.66
2018-06-23,66.31
2018-06-25,93.32
2018-06-26,102.06
2018-06-27,86.62
2018-06-28,102.22
2018-06-29,111.59
2018-06-30,56.58
2018-07-02,76.17
2018-07-03,84.49
2018-07-04,81.62
2018-07-05,114.48
2018-07-06,65.61
2018-07-07,31.69
2018-07-09,116.53
2018-07-10,56.9
2018-07-11,94.5
2018-07-12,173.63
2018-07-13,117.15
2018-07-14,48.47
2018-07-16,84.11
2018-07-17,133.64
2018-07-18,182.95
2018-07-19,233.01
2018-07-20,149.13
2018-07-21,71.9
2018-07-23,98.36
2018-07-24,126.0
2018-07-25,155.47
2018-07-26,125.52
2018-07-27,99.09
2018-07-28,42.52
2018-07-30,132.95
2018-07-31,143.66
2018-08-01,161.78
2018-08-02,110.2
2018-08-03,163.57
2018-08-04,82.7
2018-08-06,108.65
2018-08-07,119.86
2018-08-08,154.29
2018-08-09,111.27
2018-08-10,153.16
2018-08-11,74.52
2018-08-13,128.08
2018-08-14,121.85
2018-08-16,127.2
2018-08-17,82.46
2018-08-18,33.03
2018-08-20,108.99
2018-08-21,90.01
2018-08-22,60.88
2018-08-23,79.12
2018-08-24,123.39
2018-08-25,48.91
2018-08-27,130.24
2018-08-28,68.02
2018-08-29,58.24
2018-08-30,103.34
2018-08-31,91.57
2018-09-01,41.53
2018-09-03,96.6
2018-09-04,112.59
2018-09-05,88.92
2018-09-06,71.54
2018-09-07,85.13
2018-09-08,33.36
2018-09-10,98.52
2018-09-11,117.29
2018-09-12,78.68
2018-09-13,74.01
2018-09-14,58.33
2018-09-15,44.29
2018-09-17,81.99
2018-09-18,91.25
2018-09-19,40.75
2018-09-20,106.13
2018-09-21,76.98
2018-09-22,52.69
2018-09-24,71.35
2018-09-25,80.98
2018-09-26,58.24
2018-09-27,127.75
2018-09-28,91.8
2018-09-29,59.02
2018-10-01,59.81
2018-10-02,80.12
2018-10-03,79.35
2018-10-04,81.59
2018-10-05,73.62
2018-10-06,52.84
2018-10-08,114.35
2018-10-09,82.18
2018-10-10,70.1
2018-10-11,125.01
2018-10-12,104.63
2018-10-13,48.0
2018-10-15,102.54
2018-10-16,71.08
2018-10-17,75.68
2018-10-18,70.64
2018-10-19,83.95
2018-10-20,59.31
2018-10-22,60.95
2018-10-23,57.33
2018-10-24,102.86
2018-10-25,71.53
2018-10-26,58.51
2018-10-27,38.38
2018-10-29,68.08
2018-10-30,69.36
2018-10-31,86.2
2018-11-01,86.16
2018-11-02,59.25
2018-11-03,58.62
2018-11-05,86.22
2018-11-06,65.4
2018-11-07,75.4
2018-11-08,77.61
2018-11-09,67.62
2018-11-10,43.7
2018-11-12,57.42
2018-11-13,66.33
2018-11-14,51.92
2018-11-15,99.46
2018-11-16,65.35
2018-11-17,14.42
2018-11-19,120.08
2018-11-20,139.94
2018-11-21,243.56
2018-11-22,142.5
2018-11-23,262.38
2018-11-24,112.23
2018-11-26,159.15
2018-11-27,127.44
2018-11-28,87.61
2018-11-29,73.88
2018-11-30,59.86
2018-12-01,30.95
2018-12-03,90.46
2018-12-04,66.96
2018-12-05,92.52
2018-12-06,103.52
2018-12-07,61.02
2018-12-08,34.96
2018-12-10,115.34
2018-12-11,99.92
2018-12-12,62.25
2018-12-13,76.24
2018-12-14,91.24
2018-12-15,70.36
2018-12-16,13.91
2018-12-17,131.56
2018-12-18,159.99
2018-12-19,171.08
2018-12-20,203.76
2018-12-21,110.21
2018-12-22,90.82
2018-12-23,61.48
2018-12-24,153.96
2018-12-27,143.87
2018-12-28,101.3
2018-12-29,66.3
2018-12-30,30.04
2018-12-31,62.49
2019-01-02,31.84
2019-01-03,123.64
2019-01-04,57.18
2019-01-05,30.93
2019-01-07,71.87
2019-01-08,77.25
2019-01-09,184.53
2019-01-10,86.22
2019-01-11,94.91
2019-01-12,37.54
2019-01-14,89.08
2019-01-15,61.79
2019-01-16,70.45
2019-01-17,84.11
2019-01-18,80.11
2019-01-19,53.17
2019-01-21,78.04
2019-01-22,51.81
2019-01-23,46.41
2019-01-24,75.55
2019-01-25,63.22
2019-01-26,53.03
2019-01-28,91.64
2019-01-29,86.1
2019-01-30,45.38
2019-01-31,68.55
2019-02-01,97.79
2019-02-02,70.24
2019-02-04,120.48
2019-02-05,53.57
2019-02-06,83.47
2019-02-07,83.93
2019-02-08,91.06
2019-02-09,49.38
2019-02-11,47.25
2019-02-12,55.23
2019-02-13,64.71
2019-02-14,79.2
2019-02-15,86.16
2019-02-16,34.52
2019-02-18,95.77
2019-02-19,69.81
2019-02-20,64.76
2019-02-21,81.86
2019-02-22,59.84
2019-02-23,43.68
2019-02-25,105.58
2019-02-26,68.72
2019-02-27,65.48
2019-02-28,100.63
2019-03-01,60.55
2019-03-02,34.07
2019-03-04,66.79
2019-03-05,65.89
2019-03-06,88.33
2019-03-07,82.43
2019-03-08,127.06
2019-03-09,49.02
2019-03-12,58.83
2019-03-13,46.58
2019-03-14,71.85
2019-03-15,63.02
2019-03-16,42.61
2019-03-18,62.31
2019-03-19,112.37
2019-03-20,65.72
2019-03-21,71.75
2019-03-22,64.65
2019-03-23,30.37
2019-03-26,87.77
2019-03-27,56.59
2019-03-28,120.0
2019-03-29,37.61
2019-03-30,41.52
2019-03-31,9.26
2019-04-01,86.87
2019-04-02,85.17
2019-04-03,72.65
2019-04-04,84.09
2019-04-05,55.2
2019-04-06,36.08
2019-04-08,111.18
2019-04-09,67.99
2019-04-10,90.75
2019-04-11,65.1
2019-04-12,78.49
2019-04-13,49.14
2019-04-15,86.77
2019-04-16,107.82
2019-04-17,70.22
2019-04-18,87.52
2019-04-19,155.98
2019-04-20,54.9
2019-04-22,158.33
2019-04-23,79.72
2019-04-24,107.1
2019-04-25,120.67
2019-04-26,48.15
2019-04-27,30.09
2019-04-30,93.96
2019-05-02,174.87
2019-05-03,101.04
2019-05-04,51.99
2019-05-06,113.83
2019-05-07,144.9
2019-05-08,113.27
2019-05-09,86.57
2019-05-10,67.29
2019-05-11,43.13
2019-05-13,85.82
2019-05-14,79.55
2019-05-15,75.98
2019-05-16,72.91
2019-05-17,74.23
2019-05-18,47.35
2019-05-20,105.47
2019-05-21,100.05
2019-05-22,89.25
2019-05-23,81.54
2019-05-24,82.64
2019-05-25,44.34
2019-05-27,103.8
2019-05-28,98.92
2019-05-29,81.39
2019-05-30,92.69
2019-05-31,56.64
2019-06-01,66.32
2019-06-03,99.14
2019-06-04,99.99
2019-06-05,102.91
2019-06-06,131.98
2019-06-07,71.49
2019-06-08,50.66
2019-06-10,102.59
2019-06-11,91.86
2019-06-12,58.35
2019-06-13,100.78
2019-06-14,78.87
2019-06-15,66.53
2019-06-17,81.82
2019-06-18,108.47
2019-06-19,116.67
2019-06-20,77.86
2019-06-21,118.36
2019-06-22,108.01
2019-06-24,101.73
2019-06-25,87.82
2019-06-26,77.08
2019-06-27,102.09
2019-06-28,79.29
2019-06-29,49.67
2019-07-01,112.92
2019-07-02,129.96
2019-07-03,133.5
2019-07-04,98.38
2019-07-05,131.22
2019-07-06,67.63
2019-07-08,108.48
2019-07-09,113.62
2019-07-10,128.74
2019-07-11,124.16
2019-07-12,100.34
2019-07-13,54.0
2019-07-15,144.96
2019-07-16,105.22
2019-07-17,138.05
2019-07-18,89.53
2019-07-19,153.98
2019-07-20,38.01
2019-07-22,133.35
2019-07-23,132.58
2019-07-24,100.46
2019-07-25,99.35
2019-07-26,122.35
2019-07-27,48.09
2019-07-29,116.32
2019-07-30,102.04
2019-07-31,122.06
2019-08-01,147.52
2019-08-02,120.75
2019-08-03,60.27
2019-08-05,144.33
2019-08-06,127.95
2019-08-07,118.03
2019-08-08,159.26
2019-08-09,100.97
2019-08-10,63.99
2019-08-12,137.22
2019-08-13,110.13
2019-08-14,80.96
2019-08-16,63.23
2019-08-17,37.2
2019-08-19,111.65
2019-08-20,82.54
2019-08-21,100.6
2019-08-22,100.78
2019-08-23,71.17
2019-08-24,56.81
2019-08-26,94.08
2019-08-27,97.77
2019-08-28,71.3
2019-08-29,147.6
2019-08-30,151.18
2019-08-31,129.28
2019-09-02,117.0
2019-09-03,117.67
2019-09-04,117.52
2019-09-05,101.4
2019-09-06,98.99
2019-09-07,73.23
2019-09-09,170.82
2019-09-10,60.41
2019-09-11,114.51
2019-09-12,109.34
2019-09-13,85.08
2019-09-14,72.12
2019-09-16,103.25
2019-09-17,133.0
2019-09-18,69.71
2019-09-19,89.37
2019-09-20,68.1
2019-09-21,41.82
2019-09-23,155.53
2019-09-24,53.55
2019-09-25,108.98
2019-09-26,116.44
2019-09-27,212.51
2019-09-28,66.16
2019-09-30,86.03
2019-10-01,85.79
2019-10-02,45.46
2019-10-03,98.05
2019-10-04,102.7
2019-10-05,37.32
2019-10-07,101.99
2019-10-08,96.74
2019-10-09,53.72
2019-10-10,85.62
2019-10-11,66.54
2019-10-12,24.36
2019-10-14,63.19
2019-10-15,69.4
2019-10-16,50.19
2019-10-17,78.34
2019-10-18,121.18
2019-10-19,41.95
2019-10-21,83.36
2019-10-22,85.89
2019-10-23,48.07
2019-10-24,98.82
2019-10-25,81.3
2019-10-26,54.86
2019-10-29,80.96
2019-10-30,47.88
2019-10-31,59.74
2019-11-01,88.99
2019-11-02,31.39
2019-11-04,62.91
2019-11-05,76.68
2019-11-06,81.94
2019-11-07,67.76
2019-11-08,70.59
2019-11-09,35.39
2019-11-11,55.14
2019-11-12,70.17
2019-11-13,88.11
2019-11-14,116.89
2019-11-15,57.51
2019-11-16,32.71
2019-11-18,67.52
2019-11-19,47.73
2019-11-20,82.48
2019-11-21,41.17
2019-11-22,86.93
2019-11-23,48.08
2019-11-25,138.19
2019-11-26,114.65
2019-11-27,166.71
2019-11-28,184.3
2019-11-29,198.4
2019-11-30,102.8
2019-12-02,228.49
2019-12-03,105.91
2019-12-04,152.86
2019-12-05,113.42
2019-12-06,169.46
2019-12-07,43.79
2019-12-09,55.9
2019-12-10,94.68
2019-12-11,127.76
2019-12-12,94.91
2019-12-13,49.97
2019-12-14,37.57
2019-12-16,88.52
2019-12-17,141.26
2019-12-18,85.7
2019-12-19,99.71
2019-12-20,113.98
2019-12-21,90.62
2019-12-22,30.59
2019-12-23,109.4
2019-12-24,143.65
2019-12-27,221.24
2019-12-28,51.89
2019-12-29,46.09
2019-12-30,94.85
2019-12-31,126.33
2020-01-02,17.35
2020-01-03,42.71
2020-01-04,33.01
2020-01-07,66.26
2020-01-08,139.01
2020-01-09,59.19
2020-01-10,65.67
2020-01-11,38.94
2020-01-13,56.77
2020-01-14,67.58
2020-01-15,59.87
2020-01-16,123.37
2020-01-17,78.58
2020-01-18,39.78
2020-01-20,39.58
2020-01-21,58.09
2020-01-22,59.77
2020-01-23,85.22
2020-01-24,41.32
2020-01-25,62.21
2020-01-27,54.68
2020-01-28,46.89
2020-01-29,91.35
2020-01-30,60.81
2020-02-01,48.21
2020-02-03,68.88
2020-02-04,76.03
2020-02-05,78.62
2020-02-06,64.69
2020-02-07,39.26
2020-02-08,47.83
2020-02-10,48.15
2020-02-11,70.61
2020-02-12,99.38
2020-02-13,85.51
2020-02-14,55.0
2020-02-15,41.11
2020-02-17,36.36
2020-02-18,48.33
2020-02-19,47.73
2020-02-20,79.75
2020-02-21,69.46
2020-02-22,33.95
2020-02-24,72.69
2020-02-25,51.89
2020-02-26,53.81
2020-02-27,105.77
2020-02-28,53.47
2020-02-29,39.97
2020-03-03,78.67
2020-03-04,46.63
2020-03-05,76.37
2020-03-06,67.17
2020-03-07,39.54
2020-03-09,63.58
2020-03-10,35.11
2020-03-11,59.18
2020-03-12,46.32
2020-03-13,33.95
2020-03-14,31.21
2020-03-16,78.11
2020-03-17,69.51
2020-03-18,28.43
2020-03-19,28.38
2020-03-20,31.54
2020-03-23,58.69
2020-03-24,47.24
2020-03-26,55.65
2020-03-27,25.96
2020-03-30,66.07
2020-03-31,46.47
2020-04-01,51.55
2020-04-02,33.7
2020-04-03,24.77
2020-04-06,45.88
2020-04-07,44.63
2020-04-08,54.97
2020-04-09,47.15
2020-04-10,55.87
2020-04-11,13.38
2020-04-13,88.72
2020-04-14,101.22
2020-04-15,66.16
2020-04-16,83.28
2020-04-17,25.11
2020-04-21,115.9
2020-04-22,72.99
2020-04-23,70.63
2020-04-24,82.95
2020-04-25,22.32
2020-04-27,138.41
2020-04-28,86.92
2020-04-29,57.75
2020-04-30,49.37
2020-05-02,26.43
2020-05-04,111.25
2020-05-05,112.59
2020-05-06,147.33
2020-05-07,79.83
2020-05-08,82.45
2020-05-09,59.92
2020-05-11,79.58
2020-05-12,98.92
2020-05-13,109.85
2020-05-14,83.35
2020-05-15,80.05
2020-05-16,29.17
2020-05-18,71.64
2020-05-19,87.55
2020-05-20,64.63
2020-05-21,58.58
2020-05-22,62.74
2020-05-23,31.08
2020-05-25,98.93
2020-05-26,176.43
2020-05-27,152.91
2020-05-28,159.14
2020-05-29,156.21
2020-05-30,98.58
2020-06-01,167.93
2020-06-02,188.58
2020-06-03,133.96
2020-06-04,143.78
2020-06-05,206.93
2020-06-06,87.26
2020-06-08,171.21
2020-06-09,93.3
2020-06-10,50.13
2020-06-11,109.33
2020-06-12,79.75
2020-06-13,22.69
2020-06-15,107.63
2020-06-16,65.06
2020-06-17,70.94
2020-06-18,118.79
2020-06-19,89.59
2020-06-20,60.88
2020-06-22,93.57
2020-06-23,96.96
2020-06-24,56.62
2020-06-25,63.96
2020-06-26,119.57
2020-06-27,28.57
2020-06-29,83.34
2020-06-30,78.73
2020-07-01,65.27
2020-07-02,94.33
2020-07-03,123.32
2020-07-04,33.94
2020-07-06,112.35
2020-07-07,131.55
2020-07-08,99.51
2020-07-09,84.63
2020-07-10,95.94
2020-07-11,28.46
2020-07-13,140.79
2020-07-14,106.27
2020-07-15,100.15
2020-07-16,111.61
2020-07-17,178.21
2020-07-18,48.7
2020-07-20,106.24
2020-07-21,116.67
2020-07-22,119.32
2020-07-23,113.26
2020-07-24,124.48
2020-07-25,30.55
2020-07-27,127.12
2020-07-28,104.48
2020-07-29,174.49
2020-07-30,126.78
2020-07-31,217.06
2020-08-01,57.56
2020-08-03,131.46
2020-08-04,149.28
2020-08-05,129.31
2020-08-06,93.19
2020-08-07,175.73
2020-08-08,47.98
2020-08-10,134.76
2020-08-11,119.77
2020-08-12,85.56
2020-08-13,130.42
2020-08-14,58.61
2020-08-17,78.45
2020-08-18,96.13
2020-08-19,111.43
2020-08-20,65.34
2020-08-21,111.12
2020-08-22,33.91
2020-08-24,83.51
2020-08-25,79.55
2020-08-26,77.59
2020-08-27,102.98
2020-08-28,79.95
2020-08-29,13.11
2020-08-31,108.12
2020-09-01,88.53
2020-09-02,66.71
2020-09-03,95.05
2020-09-04,66.32
2020-09-05,12.74
2020-09-07,81.26
2020-09-08,99.85
2020-09-09,58.87
2020-09-10,92.04
2020-09-11,85.13
2020-09-12,44.47
2020-09-14,141.9
2020-09-15,69.76
2020-09-16,44.09
2020-09-17,76.29
2020-09-18,84.57
2020-09-19,17.67
2020-09-21,85.5
2020-09-22,58.49
2020-09-23,55.57
2020-09-24,120.04
2020-09-25,65.13
2020-09-26,31.7
2020-09-28,100.36
2020-09-29,67.34
2020-09-30,67.41
2020-10-01,73.45
2020-10-02,109.15
2020-10-03,18.16
2020-10-05,103.96
2020-10-06,72.87
2020-10-07,79.24
2020-10-08,87.57
2020-10-09,73.72
2020-10-10,14.75
2020-10-12,84.5
2020-10-13,70.74
2020-10-14,52.41
2020-10-15,80.05
2020-10-16,83.67
2020-10-17,34.82
2020-10-19,64.36
2020-10-20,85.06
2020-10-21,73.39
2020-10-22,59.95
2020-10-23,67.48
2020-10-24,44.18
2020-10-26,98.58
2020-10-27,71.15
2020-10-29,83.31
2020-10-30,96.94
2020-10-31,40.45
2020-11-02,96.5
2020-11-03,66.67
2020-11-04,71.27
2020-11-05,65.34
2020-11-06,81.86
2020-11-09,88.93
2020-11-10,41.67
2020-11-11,78.28
2020-11-12,55.55
2020-11-13,43.42
2020-11-16,95.46
2020-11-17,48.89
2020-11-18,48.68
2020-11-19,38.98
2020-11-20,126.9
2020-11-23,371.06
2020-11-24,173.18
2020-11-25,154.97
2020-11-26,154.48
2020-11-27,187.6
2020-11-30,354.46
2020-12-01,194.58
2020-12-02,69.44
2020-12-03,119.87
2020-12-04,104.44
2020-12-07,192.87
2020-12-08,165.06
2020-12-09,101.67
2020-12-10,110.42
2020-12-11,159.12
2020-12-14,216.8
2020-12-15,166.02
2020-12-16,116.26
2020-12-17,141.34
2020-12-18,111.53
2020-12-19,41.96
2020-12-20,26.25
2020-12-21,239.13
2020-12-22,166.42
2020-12-23,145.82
2020-12-24,126.28
2020-12-27,29.94
2020-12-28,152.17
2020-12-29,193.32
2020-12-30,169.79
2020-12-31,160.79
2021-01-04,82.6
2021-01-05,111.25
2021-01-07,77.66
2021-01-08,56.53
2021-01-11,161.92
2021-01-12,84.26
2021-01-13,76.14
2021-01-14,73.1
2021-01-15,137.03
2021-01-18,88.21
2021-01-19,116.95
2021-01-20,122.05
2021-01-21,101.01
2021-01-22,159.56
2021-01-23,19.03
2021-01-25,143.84
2021-01-26,115.53
2021-01-27,59.09
2021-01-28,126.86
2021-01-29,157.53
2021-01-30,52.24
2021-02-01,169.9
2021-02-02,156.53
2021-02-03,94.67
2021-02-04,91.82
2021-02-05,101.27
2021-02-08,147.95
2021-02-09,116.89
2021-02-10,181.25
2021-02-11,106.06
2021-02-12,82.06
2021-02-15,120.16
2021-02-16,17.66
2021-02-17,77.06
2021-02-18,83.44
2021-02-19,108.07
2021-02-22,135.85
2021-02-23,157.7
2021-02-24,53.7
2021-02-25,81.56
2021-02-26,88.1
2021-03-01,150.59
2021-03-02,130.14
2021-03-03,53.81
2021-03-04,87.06
2021-03-05,55.02
2021-03-08,101.38
2021-03-09,96.76
2021-03-10,66.24
2021-03-11,55.57
2021-03-12,92.89
2021-03-16,260.26
2021-03-17,161.28
2021-03-18,239.31
2021-03-19,125.57
2021-03-22,161.58
2021-03-23,147.78
2021-03-24,125.13
2021-03-26,164.16
2021-03-29,225.88
2021-03-30,116.83
2021-03-31,101.52
2021-04-01,154.87
2021-04-02,65.04
2021-04-05,106.01
2021-04-06,94.99
2021-04-07,103.69
2021-04-08,119.23
2021-04-09,114.93
2021-04-10,41.64
2021-04-12,91.4
2021-04-13,110.97
2021-04-14,91.75
2021-04-15,48.52
2021-04-16,140.33
2021-04-17,75.11
2021-04-19,106.04
2021-04-20,135.98
2021-04-21,117.9
2021-04-22,89.42
2021-04-23,99.05
2021-04-24,50.75
2021-04-26,160.24
2021-04-27,213.07
2021-04-28,148.9
2021-04-29,183.91
2021-04-30,73.25
2021-05-01,60.42
2021-05-05,180.68
2021-05-06,147.59
2021-05-07,129.6
2021-05-08,52.65
2021-05-10,133.51
2021-05-11,115.69
2021-05-12,109.91
2021-05-13,139.25
2021-05-14,166.99
2021-05-15,44.44
2021-05-17,100.2
2021-05-18,112.34
2021-05-19,131.23
2021-05-20,95.11
2021-05-21,81.12
2021-05-22,32.83
2021-05-24,81.6
2021-05-25,54.13
2021-05-26,117.56
2021-05-27,99.31
2021-05-28,88.21
2021-05-29,11.43
2021-05-31,112.1
2021-06-01,105.01
2021-06-02,80.91
2021-06-03,108.35
2021-06-04,88.58
2021-06-05,27.56
2021-06-07,119.81
2021-06-08,155.16
2021-06-09,98.23
2021-06-10,122.16
2021-06-11,120.76
2021-06-12,57.58
2021-06-14,166.54
2021-06-15,133.51
2021-06-16,113.81
2021-06-17,120.66
2021-06-18,156.22
2021-06-19,50.43
2021-06-21,116.88
2021-06-22,111.07
2021-06-23,124.08
2021-06-24,150.02
2021-06-25,119.95
2021-06-26,63.99
2021-06-28,146.14
2021-06-29,104.08
2021-06-30,144.77
2021-07-01,125.97
2021-07-02,99.36
2021-07-03,26.36
2021-07-05,169.82
2021-07-06,133.26
2021-07-07,156.53
2021-07-08,123.73
2021-07-09,165.78
2021-07-10,57.01
2021-07-12,173.28
2021-07-13,175.37
2021-07-14,128.48
2021-07-15,181.96
2021-07-16,163.21
2021-07-17,57.33
2021-07-19,167.14
2021-07-20,149.83
2021-07-21,138.73
2021-07-22,132.62
2021-07-23,168.56
2021-07-24,53.94
2021-07-26,184.78
2021-07-27,154.64
2021-07-28,141.92
2021-07-29,99.15
2021-07-30,127.56
2021-07-31,63.0
2021-08-02,184.26
2021-08-03,136.45
2021-08-04,122.09
2021-08-05,176.44
2021-08-06,152.82
2021-08-07,39.64
2021-08-09,253.1
2021-08-10,143.05
2021-08-11,101.12
2021-08-12,119.48
2021-08-13,135.24
2021-08-14,33.5
2021-08-16,124.19
2021-08-17,140.8
2021-08-18,77.38
2021-08-19,83.91
2021-08-20,73.84
2021-08-21,16.15
2021-08-23,126.68
2021-08-24,90.97
2021-08-25,59.96
2021-08-26,107.52
2021-08-27,117.54
2021-08-28,17.94
2021-08-30,146.39
2021-08-31,135.12
2021-09-01,87.23
2021-09-02,83.87
2021-09-03,111.37
2021-09-04,18.55
2021-09-06,89.43
2021-09-07,78.52
2021-09-08,91.18
2021-09-09,143.77
2021-09-10,94.31
2021-09-11,34.11
2021-09-13,107.0
2021-09-14,102.95
2021-09-15,69.7
2021-09-16,102.46
2021-09-17,145.46
2021-09-18,42.71
2021-09-20,125.65
2021-09-21,141.77
2021-09-22,102.17
2021-09-23,90.58
2021-09-24,111.57
2021-09-25,27.99
2021-09-27,138.24
2021-09-28,90.76
2021-09-29,92.93
2021-09-30,134.3
2021-10-01,119.71
2021-10-02,28.62
2021-10-04,162.54
2021-10-05,138.55
2021-10-06,106.27
2021-10-07,87.98
2021-10-08,60.55
2021-10-09,36.24
2021-10-11,155.71
2021-10-12,83.95
2021-10-13,68.02
2021-10-14,58.83
2021-10-15,83.17
2021-10-16,25.12
2021-10-18,126.67
2021-10-19,93.86
2021-10-20,79.77
2021-10-21,57.13
2021-10-22,76.05
2021-10-23,30.11
2021-10-25,87.2
2021-10-26,83.89
2021-10-27,114.39
2021-10-29,107.44
2021-10-30,20.33
2021-11-01,138.97
2021-11-02,128.98
2021-11-03,73.62
2021-11-04,92.43
2021-11-05,88.25
2021-11-06,31.12
2021-11-08,176.49
2021-11-09,110.7
2021-11-10,50.71
2021-11-11,100.19
2021-11-12,103.33
2021-11-13,28.01
2021-11-15,96.87
2021-11-16,93.25
2021-11-17,66.21
2021-11-18,57.19
2021-11-19,144.74
2021-11-20,33.32
2021-11-22,206.47
2021-11-23,207.8
2021-11-24,158.52
2021-11-25,179.69
2021-11-26,336.88
2021-11-27,211.6
2021-11-29,165.84
2021-11-30,165.82
2021-12-01,97.03
2021-12-02,82.2
2021-12-03,112.78
2021-12-04,29.06
2021-12-06,109.59
2021-12-07,142.59
2021-12-08,104.35
2021-12-09,48.19
2021-12-10,136.49
2021-12-11,36.13
2021-12-13,174.16
2021-12-14,168.15
2021-12-15,137.51
2021-12-16,136.46
2021-12-17,146.92
2021-12-18,79.96
2021-12-19,30.23
2021-12-20,178.65
2021-12-21,201.4
2021-12-22,185.64
2021-12-23,171.18
2021-12-24,151.39
2021-12-27,231.69
2021-12-28,220.0
2021-12-29,178.75
2021-12-30,182.72
2021-12-31,130.84
2022-01-03,79.85
2022-01-04,184.87
2022-01-05,121.96
2022-01-07,163.99
2022-01-08,24.55
2022-01-10,161.5
2022-01-11,135.69
2022-01-12,84.84
2022-01-13,108.57
2022-01-14,118.06
2022-01-15,10.22
2022-01-17,112.9
2022-01-18,142.47
2022-01-19,263.84
2022-01-20,170.42
2022-01-21,97.5
2022-01-22,68.41
2022-01-24,92.39
2022-01-27,124.0
2022-01-28,114.25
2022-01-29,48.17
2022-01-31,201.82
2022-02-01,241.92
2022-02-02,147.18
2022-02-03,194.15
2022-02-04,150.06
2022-02-05,70.19
2022-02-07,106.4
2022-02-08,148.91
2022-02-09,126.68
2022-02-10,90.41
2022-02-11,117.93
2022-02-12,29.8
2022-02-14,126.96
2022-02-15,141.08
2022-02-16,87.43
2022-02-17,90.28
2022-02-18,109.76
2022-02-19,25.6
2022-02-21,138.44
2022-02-22,92.41
2022-02-23,86.5
2022-02-24,116.08
2022-02-25,70.34
2022-02-26,42.81
2022-02-28,311.92
2022-03-01,109.11
2022-03-02,109.61
2022-03-03,79.88
2022-03-04,164.23
2022-03-05,33.63
2022-03-08,136.27
2022-03-09,67.92
2022-03-10,112.39
2022-03-11,110.96
2022-03-12,26.23
2022-03-14,105.59
2022-03-15,84.08
2022-03-16,61.67
2022-03-17,78.12
2022-03-18,81.56
2022-03-19,50.59
2022-03-21,122.78
2022-03-22,93.69
2022-03-23,90.38
2022-03-24,125.76
2022-03-26,44.14
2022-03-28,168.49
2022-03-29,88.39
2022-03-30,91.2
2022-03-31,90.28
2022-04-01,90.57
2022-04-02,27.29
2022-04-04,207.22
2022-04-05,179.56
2022-04-06,82.48
2022-04-07,98.57
2022-04-08,174.3
2022-04-09,33.21
2022-04-11,152.77
2022-04-12,100.27
2022-04-13,76.13
2022-04-14,134.53
2022-04-15,117.04
2022-04-16,73.87
2022-04-18,123.57
2022-04-19,188.39
2022-04-20,130.65
2022-04-21,78.77
2022-04-22,51.51
2022-04-23,9.25
2022-04-26,144.56
2022-04-27,121.01
2022-04-28,78.92
2022-04-29,150.89
2022-04-30,30.42
2022-05-03,157.15
2022-05-04,140.66
2022-05-05,148.22
2022-05-06,124.68
2022-05-07,29.22
2022-05-09,166.48
2022-05-10,195.06
2022-05-11,122.86
2022-05-12,119.05
2022-05-13,61.27
2022-05-14,49.69
2022-05-16,193.91
2022-05-17,111.32
2022-05-18,121.9
2022-05-19,61.05
2022-05-20,123.29
2022-05-21,55.58
2022-05-23,113.44
2022-05-24,107.2
2022-05-25,79.57
2022-05-26,101.2
2022-05-27,90.95
2022-05-28,32.9
2022-05-30,211.14
2022-05-31,89.48
2022-06-01,106.57
2022-06-02,131.74
2022-06-03,164.79
2022-06-04,35.73
2022-06-06,176.75
2022-06-07,220.68
2022-06-08,115.32
2022-06-09,133.85
2022-06-10,119.68
2022-06-11,29.25
2022-06-13,213.3
2022-06-14,108.15
2022-06-15,130.75
2022-06-16,117.48
2022-06-17,128.67
2022-06-18,39.36
2022-06-20,164.79
2022-06-21,156.57
2022-06-22,109.07
2022-06-23,172.12
2022-06-24,122.09
2022-06-25,39.3
2022-06-27,174.93
2022-06-28,166.45
2022-06-29,145.62
2022-06-30,236.24
2022-07-01,141.47
2022-07-02,50.21
2022-07-04,152.37
2022-07-05,208.74
2022-07-06,117.07
2022-07-07,248.68
2022-07-08,134.03
2022-07-09,34.09
2022-07-11,197.84
2022-07-12,188.25
2022-07-13,155.01
2022-07-14,147.61
2022-07-15,158.19
2022-07-16,27.22
2022-07-18,243.13
2022-07-19,116.59
2022-07-20,69.89
2022-07-21,197.2
2022-07-22,182.0
2022-07-23,75.27
2022-07-25,152.13
2022-07-26,185.41
2022-07-27,108.96
2022-07-28,143.04
2022-07-29,123.11
2022-07-30,40.97
2022-08-01,188.24
2022-08-02,163.45
2022-08-03,153.74
2022-08-04,167.89
2022-08-05,185.38
2022-08-06,34.93
2022-08-08,175.84
2022-08-09,207.67
2022-08-10,203.8
2022-08-11,85.95
2022-08-12,145.19
2022-08-13,16.8
2022-08-16,220.42
2022-08-17,112.25
2022-08-18,139.8
2022-08-19,133.16
2022-08-20,16.67
2022-08-22,177.5
2022-08-23,181.25
2022-08-24,95.49
2022-08-25,170.1
2022-08-26,80.92
2022-08-27,21.14
2022-08-29,138.28
2022-08-30,173.0
2022-08-31,108.43
2022-09-01,90.97
2022-09-02,192.84
2022-09-03,36.16
2022-09-05,152.25
2022-09-06,89.96
2022-09-07,142.1
2022-09-08,169.18
2022-09-09,164.86
2022-09-10,23.83
2022-09-12,169.01
2022-09-13,165.71
2022-09-14,109.57
2022-09-15,135.5
2022-09-16,103.8
2022-09-17,32.29
2022-09-19,149.12
2022-09-20,154.06
2022-09-21,74.05
2022-09-22,148.46
2022-09-23,109.35
2022-09-24,44.63
2022-09-26,127.69
2022-09-27,105.45
2022-09-28,61.0
2022-09-29,99.34
2022-09-30,159.12
2022-10-01,51.4
2022-10-03,80.62
2022-10-04,121.14
2022-10-05,95.66
2022-10-06,131.29
2022-10-07,113.21
2022-10-08,34.47
2022-10-10,85.84
2022-10-11,126.06
2022-10-12,106.23
2022-10-13,97.65
2022-10-14,106.9
2022-10-15,33.87
2022-10-17,152.57
2022-10-18,177.21
2022-10-19,60.4
2022-10-20,83.24
2022-10-21,153.51
2022-10-22,32.54
2022-10-24,104.6
2022-10-25,134.51
2022-10-26,93.25
2022-10-27,84.9
2022-10-29,78.08
2022-10-31,150.18
2022-11-01,121.49
2022-11-02,79.48
2022-11-03,106.88
2022-11-04,75.84
2022-11-05,22.14
2022-11-07,122.63
2022-11-08,40.24
2022-11-09,70.39
2022-11-10,56.36
2022-11-11,58.05
2022-11-12,22.64
2022-11-14,140.08
2022-11-15,104.41
2022-11-16,157.5
2022-11-17,197.66
2022-11-18,157.03
2022-11-19,25.65
2022-11-21,243.26
2022-11-22,233.59
2022-11-23,146.74
2022-11-24,296.07
2022-11-25,237.51
2022-11-26,52.09
2022-11-28,248.74
2022-11-29,209.28
2022-11-30,149.91
2022-12-01,230.63
2022-12-02,69.11
2022-12-03,66.69
2022-12-05,144.45
2022-12-06,115.0
2022-12-07,122.5
2022-12-08,114.68
2022-12-09,177.34
2022-12-10,20.84
2022-12-12,155.18
2022-12-13,137.65
2022-12-14,124.98
2022-12-15,109.84
2022-12-16,141.42
2022-12-17,15.5
2022-12-18,36.13
2022-12-19,238.64
2022-12-20,174.04
2022-12-21,157.4
2022-12-22,216.86
2022-12-23,259.79
2022-12-24,94.9
2022-12-27,261.73
2022-12-28,226.22
2022-12-29,205.03
2022-12-30,192.51
2022-12-31,69.88
2023-01-03,200.33
2023-01-04,188.93
2023-01-05,81.59
2023-01-07,41.68
2023-01-09,152.69
2023-01-10,123.69
2023-01-11,92.57
2023-01-12,83.04
2023-01-13,94.57
2023-01-14,53.27
2023-01-16,134.91
2023-01-17,93.74
2023-01-18,89.79
2023-01-19,67.49
2023-01-20,84.19
2023-01-21,19.3
2023-01-23,91.77
2023-01-24,77.77
2023-01-25,109.18
2023-01-26,42.94
2023-01-27,107.17
2023-01-28,39.12
2023-01-30,88.01
2023-01-31,84.44
2023-02-01,57.7
2023-02-02,116.56
2023-02-03,75.6
2023-02-04,10.21
2023-02-06,103.77
2023-02-07,79.27
2023-02-08,87.85
2023-02-09,91.51
2023-02-10,102.21
2023-02-11,34.5
2023-02-13,148.93
2023-02-14,116.94
2023-02-15,77.86
2023-02-16,113.94
2023-02-17,217.57
2023-02-18,36.73
2023-02-20,119.33
2023-02-21,102.91
2023-02-22,60.33
2023-02-23,92.26
2023-02-24,111.01
2023-02-25,20.65
2023-02-28,111.68
2023-03-01,91.76
2023-03-02,85.66
2023-03-03,97.76
2023-03-04,27.0
2023-03-06,83.58
2023-03-07,108.1
2023-03-08,58.31
2023-03-09,81.08
2023-03-10,137.52
2023-03-11,38.04
2023-03-13,126.62
2023-03-14,105.6
2023-03-15,118.21
2023-03-16,126.73
2023-03-17,70.6
2023-03-18,28.84
2023-03-20,125.03
2023-03-21,154.01
2023-03-22,87.96
2023-03-23,114.53
2023-03-24,147.34
2023-03-27,108.05
2023-03-28,120.19
2023-03-29,92.11
2023-03-30,122.55
2023-03-31,81.44
2023-04-01,38.91
2023-04-03,166.81
2023-04-04,91.89
2023-04-05,121.52
2023-04-06,116.59
2023-04-07,111.58
2023-04-08,40.9
2023-04-10,192.57
2023-04-11,114.92
2023-04-12,95.93
2023-04-13,120.44
2023-04-14,44.17
2023-04-15,14.99
2023-04-18,71.28
2023-04-19,89.78
2023-04-20,120.68
2023-04-21,106.65
2023-04-22,65.1
2023-04-24,95.01
2023-04-25,115.9
2023-04-26,77.14
2023-04-27,183.64
2023-04-28,90.56
2023-04-29,35.42
2023-05-02,244.68
2023-05-03,109.64
2023-05-04,142.84
2023-05-05,61.82
2023-05-06,40.16
2023-05-08,164.06
2023-05-09,75.18
2023-05-10,110.12
2023-05-11,138.3
2023-05-12,121.75
2023-05-13,35.96
2023-05-15,134.37
2023-05-16,114.19
2023-05-17,108.46
2023-05-18,140.41
2023-05-19,158.45
2023-05-20,39.53
2023-05-22,171.0
2023-05-23,90.42
2023-05-24,88.9
2023-05-25,141.61
2023-05-26,85.59
2023-05-27,47.93
2023-05-29,132.61
2023-05-30,119.28
2023-05-31,121.88
2023-06-01,121.48
2023-06-02,208.05
2023-06-03,49.0
2023-06-05,112.27
2023-06-06,114.86
2023-06-07,113.23
2023-06-08,134.85
2023-06-09,112.8
2023-06-10,47.77
2023-06-12,158.66
2023-06-13,152.69
2023-06-14,134.29
2023-06-15,111.85
2023-06-16,173.35
2023-06-17,50.01
2023-06-19,119.33
2023-06-20,173.94
2023-06-21,105.73
2023-06-22,103.43
2023-06-23,155.19
2023-06-24,66.07
2023-06-26,187.99
2023-06-27,161.28
2023-06-28,122.0
2023-06-29,166.18
2023-06-30,133.72
2023-07-01,61.73
2023-07-03,155.74
2023-07-04,185.07
2023-07-05,125.68
2023-07-06,111.35
2023-07-07,90.66
2023-07-08,54.49
2023-07-10,207.69
2023-07-11,175.69
2023-07-12,168.04
2023-07-13,109.56
2023-07-14,159.54
2023-07-15,55.11
2023-07-17,157.19
2023-07-18,219.88
2023-07-19,165.28
2023-07-20,204.08
2023-07-21,132.16
2023-07-22,35.29
2023-07-24,170.55
2023-07-25,146.71
2023-07-26,107.88
2023-07-27,127.92
2023-07-28,107.98
2023-07-29,83.84
2023-07-31,217.68
2023-08-01,204.23
2023-08-02,175.33
2023-08-03,167.73
2023-08-04,221.54
2023-08-05,29.81
2023-08-07,171.09
2023-08-08,190.58
2023-08-09,152.63
2023-08-10,118.7
2023-08-11,197.59
2023-08-12,31.73
2023-08-14,218.6
2023-08-16,81.85
2023-08-17,116.49
2023-08-18,75.22
2023-08-19,34.22
2023-08-21,110.4
2023-08-22,171.07
2023-08-23,106.73
2023-08-24,178.25
2023-08-25,100.0
2023-08-26,17.13
2023-08-28,199.38
2023-08-29,131.54
2023-08-30,122.87
2023-08-31,113.61
2023-09-01,95.36
2023-09-02,19.2
2023-09-04,133.77
2023-09-05,134.25
2023-09-06,123.06
2023-09-07,122.72
2023-09-08,82.74
2023-09-09,31.43
2023-09-11,159.06
2023-09-12,95.68
2023-09-13,108.71
2023-09-14,91.06
2023-09-15,95.05
2023-09-16,30.69
2023-09-18,134.39
2023-09-19,112.34
2023-09-20,87.35
2023-09-21,123.97
2023-09-22,99.68
2023-09-23,35.85
2023-09-25,128.37
2023-09-26,104.42
2023-09-27,71.67
2023-09-28,113.25
2023-09-29,133.16
2023-09-30,31.27
2023-10-02,119.62
2023-10-03,128.39
2023-10-04,111.65
2023-10-05,143.55
2023-10-06,101.42
2023-10-07,39.49
2023-10-09,150.17
2023-10-10,172.4
2023-10-11,86.18
2023-10-12,142.77
2023-10-13,48.15
2023-10-14,46.82
2023-10-16,157.49
2023-10-17,118.78
2023-10-18,94.73
2023-10-19,140.62
2023-10-20,98.33
2023-10-21,39.92
2023-10-23,159.91
2023-10-24,136.35
2023-10-25,106.03
2023-10-26,159.32
2023-10-27,56.34
2023-10-30,94.26
2023-10-31,136.7
2023-11-01,51.4
2023-11-02,121.15
2023-11-03,91.55
2023-11-04,23.02
2023-11-06,114.07
2023-11-07,134.13
2023-11-08,79.85
2023-11-09,81.37
2023-11-10,83.23
2023-11-11,68.25
2023-11-13,255.17
2023-11-14,259.9
2023-11-15,159.31
2023-11-16,295.09
2023-11-17,170.0
2023-11-18,47.2
2023-11-20,251.32
2023-11-21,181.25
2023-11-22,171.16
2023-11-23,212.26
2023-11-24,302.33
2023-11-25,68.85
2023-11-27,266.33
2023-11-28,283.07
2023-11-29,112.96
2023-11-30,128.88
2023-12-01,127.0
2023-12-02,19.34
2023-12-04,129.66
2023-12-05,147.52
2023-12-06,62.33
2023-12-07,85.44
2023-12-08,53.62
2023-12-09,45.38
2023-12-11,126.0
2023-12-12,199.72
2023-12-13,65.83
2023-12-14,142.51
2023-12-15,104.87
2023-12-16,38.14
2023-12-18,271.07
2023-12-19,330.88
2023-12-20,143.41
2023-12-21,178.61
2023-12-22,204.92
2023-12-23,74.2
2023-12-24,109.53
2023-12-27,218.32
2023-12-28,259.57
2023-12-29,198.19
2023-12-30,61.88
2023-12-31,66.77
2024-01-02,60.54
2024-01-03,205.72
2024-01-04,107.49
2024-01-05,118.73
2024-01-08,146.68
2024-01-09,118.64
2024-01-10,71.86
2024-01-11,117.61
2024-01-12,83.82
2024-01-13,39.16
2024-01-15,145.98
2024-01-16,120.41
2024-01-17,119.08
2024-01-18,159.76
2024-01-19,91.37
2024-01-20,42.64
2024-01-22,93.12
2024-01-23,72.32
2024-01-24,62.53
2024-01-25,94.03
2024-01-26,113.65
2024-01-27,58.94
2024-01-29,100.5
2024-01-30,101.57
2024-01-31,75.58
2024-02-01,91.34
2024-02-02,100.24
2024-02-03,17.71
2024-02-05,117.77
2024-02-06,91.0
2024-02-07,62.29
2024-02-08,111.12
2024-02-09,86.04
2024-02-10,31.49
2024-02-12,107.25
2024-02-13,132.09
2024-02-14,78.64
2024-02-15,75.18
2024-02-16,38.56
2024-02-17,29.94
2024-02-19,97.85
2024-02-20,63.72
2024-02-21,69.82
2024-02-22,79.21
2024-02-23,53.64
2024-02-24,19.37
2024-02-26,98.3
2024-02-27,105.9
2024-02-28,42.8
2024-02-29,119.16
2024-03-01,160.06
2024-03-02,28.73
2024-03-04,84.06
2024-03-05,139.03
2024-03-06,78.34
2024-03-07,100.97
2024-03-08,112.25
2024-03-09,25.11
2024-03-11,87.95
2024-03-12,110.49
2024-03-13,66.06
2024-03-14,87.42
2024-03-15,92.94
2024-03-16,38.38
2024-03-19,128.45
2024-03-20,67.79
2024-03-21,79.71
2024-03-22,60.2
2024-03-23,39.82
2024-03-26,87.99
2024-03-27,58.16
2024-03-28,117.63
2024-03-29,124.59
2024-03-30,33.79
2024-04-01,128.49
2024-04-02,100.18
2024-04-03,79.11
2024-04-04,94.03
2024-04-05,60.52
2024-04-06,42.33
2024-04-08,104.48
2024-04-09,137.26
2024-04-10,105.85
2024-04-11,199.74
2024-04-12,70.69
2024-04-13,19.79
2024-04-15,99.56
2024-04-16,139.01
2024-04-17,146.97
2024-04-18,123.7
2024-04-19,105.06
2024-04-20,41.1
2024-04-22,166.14
2024-04-23,133.69
2024-04-24,116.05
2024-04-25,110.92
2024-04-26,77.49
2024-04-27,53.96
2024-04-29,158.29
2024-04-30,144.95
2024-05-01,110.1
2024-05-02,133.5
2024-05-03,72.11
2024-05-04,18.4
2024-05-08,254.08
2024-05-09,89.5
2024-05-10,138.82
2024-05-11,37.77
2024-05-13,127.79
2024-05-14,57.03
2024-05-15,114.85
2024-05-16,89.07
2024-05-17,131.79
2024-05-18,38.58
2024-05-20,110.83
2024-05-21,142.37
2024-05-22,99.55
2024-05-23,100.48
2024-05-24,88.85
2024-05-25,37.49
2024-05-27,166.64
2024-05-28,90.9
2024-05-29,121.47
2024-05-30,97.93
2024-05-31,152.81
2024-06-01,41.66
2024-06-03,122.17
2024-06-04,106.58
2024-06-05,98.59
2024-06-06,125.74
2024-06-07,121.88
2024-06-08,36.04
2024-06-10,113.8
2024-06-11,178.24
2024-06-12,89.69
2024-06-13,161.19
2024-06-14,82.32
2024-06-15,28.47
2024-06-17,119.71
2024-06-18,133.03
2024-06-19,118.44
2024-06-20,110.86
2024-06-21,132.99
2024-06-22,48.05
2024-06-24,145.38
2024-06-25,68.53
2024-06-26,76.59
2024-06-27,96.59
2024-06-28,123.18
2024-06-29,35.25
2024-07-01,133.16
2024-07-02,156.04
2024-07-03,108.99
2024-07-04,127.21
2024-07-05,109.54
2024-07-06,38.11
2024-07-08,146.78
2024-07-09,165.07
2024-07-10,73.61
2024-07-11,134.98
2024-07-12,81.71
2024-07-13,43.9
2024-07-15,136.9
2024-07-16,213.33
2024-07-17,123.27
2024-07-18,139.5
2024-07-19,118.8
2024-07-20,43.86
2024-07-22,204.96
2024-07-23,158.09
2024-07-24,167.98
2024-07-25,143.09
2024-07-26,108.77
2024-07-27,49.05
2024-07-29,195.24
2024-07-30,156.88
2024-07-31,98.68
2024-08-01,153.58
2024-08-02,119.27
2024-08-03,55.38
2024-08-05,164.48
2024-08-06,172.49
2024-08-07,93.83
2024-08-08,143.11
2024-08-09,133.76
2024-08-10,38.51
2024-08-12,188.53
2024-08-13,116.16
2024-08-14,50.18
2024-08-16,76.36
2024-08-17,14.8
2024-08-19,151.67
2024-08-20,94.65
2024-08-21,90.84
2024-08-22,103.52
2024-08-23,86.37
2024-08-24,11.32
2024-08-26,79.83
2024-08-27,175.59
2024-08-28,222.24
2024-08-29,254.01
2024-08-30,161.4
2024-08-31,73.22
2024-09-02,138.36
2024-09-03,177.43
2024-09-04,110.54
2024-09-05,129.02
2024-09-06,108.2
2024-09-07,33.95
2024-09-09,164.6
2024-09-10,125.61
2024-09-11,115.7
2024-09-12,106.91
2024-09-13,154.46
2024-09-14,50.49
2024-09-16,114.95
2024-09-17,160.17
2024-09-18,113.15
2024-09-19,155.29
2024-09-20,129.52
2024-09-21,79.06
2024-09-23,261.79
2024-09-24,167.94
2024-09-25,155.61
2024-09-26,153.72
2024-09-27,118.0
2024-09-28,42.44
2024-09-30,227.11
2024-10-01,108.89
2024-10-02,159.63
2024-10-03,155.42
2024-10-04,162.78
2024-10-05,41.69
2024-10-07,165.86
2024-10-08,100.38
2024-10-09,129.64
2024-10-10,173.91
2024-10-11,163.7
2024-10-12,50.46
2024-10-14,140.41
2024-10-15,145.21
2024-10-16,125.91
2024-10-17,154.98
2024-10-18,145.01
2024-10-19,47.0
2024-10-21,176.02
2024-10-22,82.38
2024-10-23,114.56
2024-10-24,140.5
2024-10-25,82.74
2024-10-26,59.62
2024-10-29,163.78
2024-10-30,142.89
2024-10-31,186.36
2024-11-01,182.27
2024-11-02,39.41
2024-11-04,134.42
2024-11-05,151.58
2024-11-06,101.72
2024-11-07,135.59
2024-11-08,97.58
2024-11-09,31.83
2024-11-11,119.31
2024-11-12,100.32
2024-11-13,91.31
2024-11-14,62.62
2024-11-15,156.18
2024-11-16,85.99
2024-11-18,266.81
2024-11-19,141.37
2024-11-20,132.62
2024-11-21,162.46
2024-11-22,165.42
2024-11-23,99.51
2024-11-25,243.96
2024-11-26,204.51
2024-11-27,197.2
2024-11-28,204.04
2024-11-29,388.96
2024-11-30,75.47
2024-12-02,330.48
2024-12-03,217.28
2024-12-04,245.24
2024-12-05,157.2
2024-12-06,80.18
2024-12-07,57.23
2024-12-09,159.57
2024-12-10,133.32
2024-12-11,169.22
2024-12-12,133.85
2024-12-13,98.91
2024-12-14,64.77
2024-12-16,211.52
2024-12-17,243.47
2024-12-18,123.1
2024-12-19,163.42
2024-12-20,171.2
2024-12-21,118.38
2024-12-22,49.5
2024-12-23,201.63
2024-12-24,206.5
2024-12-27,276.08
2024-12-28,58.68
2024-12-29,135.82
2024-12-30,272.07
2024-12-31,271.65
2025-01-02,45.35
2025-01-03,136.64
2025-01-04,34.8
2025-01-07,219.39
2025-01-08,94.92
2025-01-09,134.19
2025-01-10,148.65
2025-01-11,40.65
2025-01-13,114.32
2025-01-14,117.58
2025-01-15,97.75
2025-01-16,92.27
2025-01-17,124.98
2025-01-18,48.95
2025-01-20,168.55
2025-01-21,117.55
2025-01-22,94.21
2025-01-23,96.34
2025-01-24,100.76
2025-01-25,57.56
2025-01-27,156.39
2025-01-28,85.73
2025-01-29,104.89
2025-01-30,119.3
2025-01-31,79.02
2025-02-01,67.76
2025-02-03,141.35
2025-02-04,132.53
2025-02-05,110.28
2025-02-06,76.38
2025-02-07,172.99
2025-02-08,27.15
2025-02-10,112.62
2025-02-11,89.74
2025-02-12,64.53
2025-02-13,60.71
2025-02-14,103.24
2025-02-15,52.87
2025-02-17,132.73
2025-02-18,111.73
2025-02-19,86.7
2025-02-20,56.43
2025-02-21,115.4
2025-02-22,34.03
2025-02-24,143.12
2025-02-25,84.55
2025-02-26,100.87
2025-02-27,131.13
2025-02-28,28.59
2025-03-01,37.62
2025-03-04,380.55
2025-03-05,86.04
2025-03-06,118.5
2025-03-07,90.37
2025-03-08,74.31
2025-03-10,112.38
2025-03-11,103.84
2025-03-12,57.66
2025-03-13,117.2
2025-03-14,128.23
2025-03-15,31.45
2025-03-17,144.43
2025-03-18,135.28
2025-03-19,121.55
2025-03-20,107.95
2025-03-21,98.97
2025-03-22,53.76
2025-03-24,104.39
2025-03-26,99.96
2025-03-27,124.73
2025-03-28,76.11
2025-03-29,24.71
2025-03-31,151.52
2025-04-01,135.58
2025-04-02,104.37
2025-04-03,135.76
2025-04-04,85.87
2025-04-05,49.64
2025-04-07,116.58
2025-04-08,164.47
2025-04-09,80.86
2025-04-10,137.14
2025-04-11,104.67
2025-04-12,59.84
2025-04-14,176.27
2025-04-15,165.62
2025-04-16,124.67
2025-04-17,148.82
2025-04-18,67.17
2025-04-19,14.98
2025-04-22,114.98
2025-04-23,65.33
2025-04-24,82.75
2025-04-25,112.22
2025-04-26,58.6
2025-04-28,208.31
2025-04-29,100.74
2025-04-30,81.3
2025-05-02,124.14
2025-05-03,46.31
2025-05-05,238.05
2025-05-06,94.05
2025-05-07,105.93
2025-05-08,80.04
2025-05-09,106.09
2025-05-10,68.38
2025-05-12,106.69
2025-05-13,85.27
2025-05-14,59.78
2025-05-15,98.79
2025-05-16,113.99
2025-05-17,36.84
2025-05-19,208.18
2025-05-20,146.64
2025-05-21,90.0
2025-05-22,123.53
2025-05-23,108.14
2025-05-24,43.18
2025-05-26,107.6
2025-05-27,176.62
2025-05-28,101.99
2025-05-29,110.07
2025-05-30,84.88
2025-05-31,51.26
2025-06-02,165.96
2025-06-03,146.51
2025-06-04,113.41
2025-06-05,239.04
2025-06-06,136.87
2025-06-07,49.67
2025-06-09,151.33
2025-06-10,147.81
2025-06-11,128.34
2025-06-12,125.84
2025-06-13,162.11
2025-06-14,25.59
2025-06-16,190.64
2025-06-17,90.24
2025-06-18,128.84
2025-06-19,129.87
2025-06-20,116.17
2025-06-21,61.43
2025-06-23,231.01
2025-06-24,192.59
2025-06-25,85.45
2025-06-26,105.29
2025-06-27,149.47
2025-06-28,44.1
2025-06-30,147.22
2025-07-01,137.35
2025-07-02,118.93
2025-07-03,102.2
2025-07-04,170.26
2025-07-05,47.09
2025-07-07,141.71
2025-07-08,137.17
2025-07-09,126.97
2025-07-10,153.42
2025-07-11,123.1
2025-07-12,25.87
2025-07-14,164.6
2025-07-15,244.89
2025-07-16,143.77
2025-07-17,195.36
2025-07-18,98.22
2025-07-19,46.8
2025-07-21,182.94
2025-07-22,114.13
2025-07-23,115.16
2025-07-24,152.09
2025-07-25,94.87
2025-07-26,31.04
2025-07-28,177.97
2025-07-29,195.16
2025-07-30,113.66
2025-07-31,106.98
2025-08-01,134.76
2025-08-02,36.17
2025-08-04,152.61
2025-08-05,145.84
2025-08-06,103.45
2025-08-07,190.05
2025-08-08,177.73
2025-08-09,38.12
2025-08-11,195.2
2025-08-12,124.95
2025-08-13,109.97
2025-08-14,104.1
2025-08-16,35.84
2025-08-18,282.13
2025-08-19,137.62
2025-08-20,228.56
2025-08-21,99.55
2025-08-22,212.64
2025-08-23,23.03
2025-08-25,154.26
2025-08-26,125.51
2025-08-27,144.65
2025-08-28,150.71
2025-08-29,114.99
2025-08-30,25.03
2025-09-01,151.38
2025-09-02,133.09
2025-09-03,121.04
2025-09-04,120.76
2025-09-05,153.22
2025-09-06,57.19
2025-09-08,204.82
2025-09-09,93.35
2025-09-10,86.12
2025-09-11,105.49
2025-09-12,133.15
2025-09-13,40.1
2025-09-15,143.68
2025-09-16,177.04
2025-09-17,115.7
2025-09-18,73.17
2025-09-19,95.02
2025-09-20,38.8
2025-09-22,185.31
2025-09-23,100.62
2025-09-24,228.95
2025-09-25,126.66
2025-09-26,133.05
2025-09-27,54.43
2025-09-29,177.11
2025-09-30,128.86
2025-10-01,101.35
2025-10-02,106.4
2025-10-03,135.88
2025-10-04,57.41
2025-10-06,215.26
2025-10-07,94.54
2025-10-08,125.69
2025-10-09,88.02
2025-10-10,120.57
2025-10-11,43.57
2025-10-13,115.06
2025-10-14,95.91
2025-10-15,76.48
2025-10-16,149.44
2025-10-17,132.91
2025-10-18,41.87
2025-10-20,136.5
2025-10-21,151.62
2025-10-22,97.84
2025-10-23,120.92
2025-10-24,114.68
2025-10-25,34.24
2025-10-27,164.01
2025-10-29,117.77
2025-10-30,234.24
2025-10-31,118.83
2025-11-01,18.65
2025-11-03,137.6
2025-11-04,90.73
2025-11-05,119.07
2025-11-06,89.36
2025-11-07,116.11
2025-11-08,52.13
2025-11-10,130.48
2025-11-11,114.07
2025-11-12,103.79
2025-11-13,70.0
2025-11-14,191.52
2025-11-15,38.57
2025-11-17,222.87
2025-11-18,150.45
2025-11-19,203.93
2025-11-20,163.34
2025-11-21,216.06
2025-11-22,93.62
2025-11-24,265.03
2025-11-25,146.08
2025-11-26,206.9
2025-11-27,171.3
2025-11-28,347.93
2025-11-29,76.32
2025-12-01,297.25
2025-12-02,188.68
2025-12-03,155.15
2025-12-04,138.0
2025-12-05,151.64
2025-12-06,63.76
2025-12-08,186.02
2025-12-09,126.97
2025-12-10,159.7
2025-12-11,90.89
2025-12-12,128.97
2025-12-13,51.36
2025-12-15,170.08
2025-12-16,343.65
2025-12-17,151.53
2025-12-18,164.19
2025-12-19,172.64
2025-12-20,53.33
2025-12-21,64.93
2025-12-22,226.63
2025-12-23,223.52
2025-12-24,185.29
2025-12-27,76.61
2025-12-28,62.45
2025-12-29,312.6
2025-12-30,190.04
2025-12-31,200.11
2026-01-02,68.43
2026-01-03,102.6
2026-01-05,215.09
2026-01-07,229.46
2026-01-08,103.02
2026-01-09,135.79
2026-01-10,58.99
2026-01-12,154.69
2026-01-13,85.74
2026-01-14,114.13
2026-01-15,122.01
2026-01-16,132.11
2026-01-17,64.15
2026-01-19,132.75
2026-01-20,95.61
2026-01-21,74.79
2026-01-22,89.24
2026-01-23,134.27
2026-01-24,42.8
2026-01-26,204.97
2026-01-27,91.42
2026-01-28,154.78
2026-01-29,85.51
2026-01-30,113.22
2026-01-31,53.78
2026-02-02,125.74
2026-02-03,90.23
2026-02-04,82.64
2026-02-05,90.61
2026-02-06,75.1
2026-02-07,29.38
2026-02-09,135.47
2026-02-10,101.32
2026-02-11,54.08
2026-02-12,89.21
2026-02-13,81.7
2026-02-14,23.8
2026-02-16,109.92
2026-02-17,98.87
2026-02-18,99.41
2026-02-19,89.46
2026-02-20,88.98
2026-02-21,62.52
2026-02-24,190.57
2026-02-25,95.22
2026-02-26,153.72
2026-02-27,169.01
2026-02-28,47.39
2026-03-02,118.83
2026-03-03,94.8
2026-03-04,80.22
2026-03-05,140.41
2026-03-06,107.77
2026-03-07,43.4
2026-03-09,132.58
2026-03-10,97.81
2026-03-11,67.36
2026-03-12,126.35
2026-03-13,100.44
2026-03-14,46.28
2026-03-16,125.25
2026-03-17,101.28
2026-03-18,90.6
2026-03-19,106.7
2026-03-20,85.59
2026-03-21,50.13
2026-03-23,196.43
2026-03-24,115.75
2026-03-26,110.68
2026-03-27,79.65
2026-03-28,77.61
2026-03-30,170.93
2026-03-31,80.46
2026-04-01,112.41
2026-04-02,117.75
2026-04-03,93.49
2026-04-04,70.91
2026-04-06,244.77
2026-04-07,107.31
2026-04-08,78.56
2026-04-09,121.86
2026-04-10,91.56
2026-04-11,19.54
2026-04-14,179.73
2026-04-15,90.61
2026-04-16,80.65
2026-04-17,128.92
2026-04-18,45.16
2026-04-20,150.14
2026-04-21,90.63
2026-04-22,130.05
2026-04-23,114.54
2026-04-24,85.84
2026-04-25,37.21
2026-04-27,220.36
2026-04-28,120.14
2026-04-29,119.52
2026-04-30,74.46
2026-05-02,60.99
2026-05-04,217.83
2026-05-05,71.85
2026-05-06,97.21
2026-05-07,99.22
2026-05-08,93.63
2026-05-09,42.29
2026-05-11,114.03
2026-05-12,106.58
2026-05-13,127.47
2026-05-14,144.59
2026-05-15,64.31
2026-05-16,55.0
2026-05-18,158.18
2026-05-19,154.39
2026-05-20,125.82
2026-05-21,98.84
2026-05-22,114.68
2026-05-23,43.34
2026-05-25,123.88
2026-05-26,82.69
2026-05-27,99.39
2026-05-28,122.51
2026-05-29,135.9
2026-05-30,62.68
2026-06-01,139.27
2026-06-02,133.42
2026-06-03,115.66
2026-06-04,60.16
2026-06-05,147.06
2026-06-06,47.44
2026-06-08,154.85
2026-06-09,106.98
2026-06-10,97.1
2026-06-11,111.9
2026-06-12,99.24
2026-06-13,52.39
2026-06-15,150.41
2026-06-16,137.04
2026-06-17,126.14
2026-06-18,98.93
2026-06-19,81.22
2026-06-20,19.56
2026-06-22,159.74
2026-06-23,197.07
2026-06-24,83.67
2026-06-25,68.56
2026-06-26,136.75
2026-06-27,44.39
2026-06-29,173.73
2026-06-30,138.39
2026-07-01,132.92
2026-07-02,172.33
2026-07-03,125.24
2026-07-04,35.86
2026-07-06,188.85
2026-07-07,125.74
2026-07-08,111.85
2026-07-09,124.48
2026-07-10,121.43
2026-07-11,56.95
2026-07-13,154.59
2026-07-14,122.09
2026-07-15,125.23
2026-07-16,173.19
2026-07-17,217.45
2026-07-18,31.68
2026-07-20,277.21
2026-07-21,123.14
2026-07-22,114.98
2026-07-23,155.66
2026-07-24,140.8
2026-07-25,37.95
2026-07-27,180.99
2026-07-28,213.64
2026-07-29,142.98
2026-07-30,151.96
2026-07-31,270.22
2026-08-01,58.27
2026-08-03,243.72
2026-08-04,202.1
2026-08-05,175.73
2026-08-06,126.74
2026-08-07,210.4
2026-08-08,42.33
2026-08-10,270.26
2026-08-11,171.42
2026-08-12,156.44
2026-08-13,145.47
2026-08-14,90.45
2026-08-15,0
2026-08-17,217.83
2026-08-18,140.77
2026-08-19,135.67
2026-08-20,97.45
2026-08-21,126.68
2026-08-22,18.89
